{"_runtime": 1363.3009979724884, "_step": 22, "_timestamp": 1725376383.08721, "epoch": 1, "step": 2000, "test_accuracy": 0.860595703125, "test_loss": 0.41156005859375, "train_SequenceAccuracy": 0.5937871336936951, "train_loss": 0.901184554763136, "val_validation_SequenceAccuracy": 0.877685546875, "val_validation_loss": 0.37054199911654, "sequence_length_vs_accuracy": {"_type": "image-file", "sha256": "1e6a33960a5e7b327af12317dee8df4f4137154279b8279676f35caa95b08351", "size": 26577, "path": "media/images/sequence_length_vs_accuracy_21_1e6a33960a5e7b327af1.png", "format": "png", "width": 1000, "height": 600}, "avg_accuracy_vs_sequence_length": {"_type": "image-file", "sha256": "7d5cdf1f5a0d9f85f2650e14a50eabe8ee688e84e96e3ccf8a9cce0edfe3cde4", "size": 164535, "path": "media/images/avg_accuracy_vs_sequence_length_22_7d5cdf1f5a0d9f85f265.png", "format": "png", "width": 1000, "height": 600}, "_wandb": {"runtime": 1}}