{"test_loss": 0.26348876953125, "test_accuracy": 1.0, "_timestamp": 1725364379.214663, "_runtime": 1.7714970111846924, "_step": 0, "_wandb": {"runtime": 0}}