{"test_loss": 0.26348876953125, "test_accuracy": 1.0, "_timestamp": 1725364156.036172, "_runtime": 485.6629629135132, "_step": 0, "_wandb": {"runtime": 0}}